﻿순위,관광지ID,관심지점명,구분,연령대,비율
1,80b68dec7a324fdf7d4bc5a5ef023994,다대포해수욕장,관광명소,60,48.5
2,943b04432f738e9bb91407d784abe573,다대포해변공원,관광명소,60,21.3
3,7802497f9205dc6af09ce33ee7f7b012,감천중앙부두,교통시설,60,6.0
4,e072c1b4998d4085fa9a342d74a7042f,부산현대미술관,문화생활시설,60,5.7
5,8e5645030d7d79144dffe58933a410ac,을숙도공원,관광명소,60,4.7
6,9a534489368634e1093d016bb5b5d573,장림포구,관광명소,60,3.6
7,d1037db88d9c32cbad3cbee48c409fbd,감천항,교통시설,60,3.3
8,f6edce2b2c6eb4e26b2ff6310146736d,아미산전망대,관광명소,60,2.7
9,ee6566a64bf2f579f3767e82d4aaf1bb,감천항서방파제,관광명소,60,2.3
10,3b464e33218e6c843ae9af25ac942924,감천항제6부두,교통시설,60,2.1
