﻿관광지ID,중심시도명,중심시군구명,중심관광지명,중심카테고리 명_대,중심카테고리 명_중,순위
b9dab70a4eac8268531bbd26c0ac30aa,부산광역시,사하구,감천문화마을,관광지,기타관광,1
80b68dec7a324fdf7d4bc5a5ef023994,부산광역시,사하구,다대포해수욕장,관광지,자연관광,2
943b04432f738e9bb91407d784abe573,부산광역시,사하구,다대포해변공원,관광지,문화관광,3
ae901317abf2d1076754be451457aea4,부산광역시,사하구,아트몰링/하단점,관광지,쇼핑,4
e072c1b4998d4085fa9a342d74a7042f,부산광역시,사하구,부산현대미술관,관광지,문화관광,5
dfffe7bbacf16b9145d731e96844bc0c,부산광역시,사하구,뉴코아아울렛/괴정점,관광지,쇼핑,6
e3e21c5cd7f25921dfe9713f02ebcd9e,부산광역시,사하구,장림골목시장,관광지,쇼핑,7
8e5645030d7d79144dffe58933a410ac,부산광역시,사하구,을숙도공원,관광지,문화관광,8
24ae399213c8d5cae5fa16a3168fc432,부산광역시,사하구,낙동강하구에코센터,관광지,기타관광,9
f6edce2b2c6eb4e26b2ff6310146736d,부산광역시,사하구,아미산전망대,관광지,문화관광,10
4ede2287c1ebb54cc20e3db1f6636a4c,부산광역시,사하구,하단레이어스호텔,숙박,숙박,11
acf9bff9d08b38876f58ab7c9bf8a454,부산광역시,사하구,롯데시네마/부산장림점,관광지,문화관광,12
d370e090659fb62031b46eec83ecdc96,부산광역시,사하구,을숙도/피크닉광장,관광지,문화관광,13
9a534489368634e1093d016bb5b5d573,부산광역시,사하구,장림포구,관광지,자연관광,14
6565edde94b6564b19965ca7cde7536d,부산광역시,사하구,괴정시장,관광지,쇼핑,15
7802497f9205dc6af09ce33ee7f7b012,부산광역시,사하구,감천중앙부두,관광지,자연관광,16
d06bc96315176a4c3a56f02db292092c,부산광역시,사하구,부산교육역사관,관광지,문화관광,17
e48ca55b112f6fbc0d8a34dbe53aa8be,부산광역시,사하구,을숙도문화회관/들락날락,관광지,문화관광,18
ee6566a64bf2f579f3767e82d4aaf1bb,부산광역시,사하구,감천항서방파제,관광지,자연관광,19
737192cc9d132d92144e9a249880cbad,부산광역시,사하구,다대활어재래시장,관광지,쇼핑,20
817ddaff8d95c9348030facfa5a7a9c0,부산광역시,사하구,에덴유원지,관광지,문화관광,21
d1037db88d9c32cbad3cbee48c409fbd,부산광역시,사하구,감천항,관광지,자연관광,22
a64e90a54e37f5cfe8a1bd7e891f2b38,부산광역시,사하구,감천문화마을안내센터,관광지,기타관광,23
637bbdb4bc7fbfb5227edb48246338b9,부산광역시,사하구,크로바관광호텔,숙박,숙박,24
dbf78aa57c0dd7c9ddac42c2529eac5b,부산광역시,사하구,하단5일상설시장,관광지,쇼핑,25
3c870670f6907876b1256862ae11ccf6,부산광역시,사하구,오이아호텔,숙박,숙박,26
dd3bbd96a763adc4f409ee41daeae1a5,부산광역시,사하구,CGV/하단아트몰링,관광지,문화관광,27
20bfa77787adcf9ac929a8997bc1f024,부산광역시,사하구,다대포꿈의낙조분수,관광지,기타관광,28
ef10c0c596e7aa5c50a060f7270702fd,부산광역시,사하구,낙동강1경(을숙도생태공원)/을숙도문화관,관광지,기타관광,29
cad64e6216646343f7e291015851b9c6,부산광역시,사하구,신평시장,관광지,쇼핑,30
9f6d6607b2f352c285ed29913ea0ce2b,부산광역시,사하구,브라운도트호텔/하단점,숙박,숙박,31
8bc3bb1a716bc915a376b6427a80c0d7,부산광역시,사하구,구평가구단지,관광지,쇼핑,32
6f1e4d53faef13bdb79ff94c37d03be3,부산광역시,사하구,감천항제7부두,관광지,자연관광,33
4275694b0c2419e4212e6c17b9d75541,부산광역시,사하구,신평레포츠공원,관광지,문화관광,34
3b464e33218e6c843ae9af25ac942924,부산광역시,사하구,감천항제6부두,관광지,자연관광,35
995e0bbe44989d32e9ed8e828e347553,부산광역시,사하구,관음사,관광지,역사관광,36
4e1322452446d60bb49f03cf68ba5929,부산광역시,사하구,을숙도축구장,관광지,문화관광,37
c28bafc9510ec2ae293f48d1e6553001,부산광역시,사하구,낫개방파제,관광지,자연관광,38
6f538776485adc929150b90054708fc3,부산광역시,사하구,다대포항,관광지,자연관광,39
3ae1d601af0b5d16e1b513a285efa1f2,부산광역시,사하구,하운드호텔/하단점,숙박,숙박,40
c00495d45e13b8bb61ed133c6f968b2c,부산광역시,사하구,을숙도철새공원,관광지,문화관광,41
946d2100aa682e5bd53b60dc6b105ee6,부산광역시,사하구,세정아울렛/부산점,관광지,쇼핑,42
7b1a57639c96f9b17fde15788277be3e,부산광역시,사하구,성불사,관광지,역사관광,43
35bef770b2da2423dd6f31762137e51f,부산광역시,사하구,덴바스타호텔/하단,숙박,숙박,44
b8c1fcbce2f526185b4675b184337c01,부산광역시,사하구,하단시장,관광지,쇼핑,45
60ab561e45a667185e8087c89305ab8b,부산광역시,사하구,을숙도인라인스케이트장,관광지,레저스포츠,46
616d1aacc028e99bb3fb9c8852fca4a5,부산광역시,사하구,에이치모먼트호텔/하단점,숙박,숙박,47
0695de2403327b88c16da0c263420da5,부산광역시,사하구,홍티아트센터,관광지,문화관광,48
3de4df4ed127218886748ea735f5ffce,부산광역시,사하구,원모텔,숙박,숙박,49
6c82c233518322e4cdee9e8cbee94868,부산광역시,사하구,사하시장,관광지,쇼핑,50
22b6b4d8b2451c3ddb16424b246cbd24,부산광역시,사하구,고니나루쉼터,관광지,문화관광,51
a142f95190dc3350ef61f6bdb5050d37,부산광역시,사하구,을숙도기후생태교육공원,관광지,문화관광,52
40fefb0ee2e31b5813f41a0e9936c2d9,부산광역시,사하구,동진여객,관광지,기타관광,53
7c97811ae822ffa49822dfb95e588120,부산광역시,사하구,신평배고개,관광지,자연관광,54
2e1384f4873b70c85d76e6e7f3a0ecf5,부산광역시,사하구,가락타운상가시장,관광지,쇼핑,55
8eacaba1ae225ae77f08438a61f1c9b2,부산광역시,사하구,E팰리스호텔,숙박,숙박,56
248704cfdd47bd19fa55d617e91e2bb5,부산광역시,사하구,샛별어린이공원,관광지,문화관광,57
171305e84a75b531106fb1307fafc10a,부산광역시,사하구,대티고개,관광지,자연관광,58
69185c5d42f17724d17e875bec790a9c,부산광역시,사하구,부네치아선셋전망대,관광지,문화관광,59
d7c15011e74daa6ab354371ee44e7c09,부산광역시,사하구,당리시장,관광지,쇼핑,60
7da6976fa73d2e441c3defde82d83995,부산광역시,사하구,홍티예술촌,관광지,문화관광,61
2d928d744d6789c83a9e94988690e4ee,부산광역시,사하구,감천항제5부두,관광지,자연관광,62
79d0d209d5fec4daba1c44be98a02054,부산광역시,사하구,6월모텔,숙박,숙박,63
75fcc63312988e0815f32767862f7f41,부산광역시,사하구,그린힐모텔,숙박,숙박,64
30d4138b0a9be9500b4d6b110df7adc8,부산광역시,사하구,을숙도리틀야구장,관광지,문화관광,65
2679fc4cf6638bdef738420277403598,부산광역시,사하구,통일아시아드공원,관광지,문화관광,66
8dfcaade24597a702211a26cc03f9fd6,부산광역시,사하구,감천나누리파크,관광지,문화관광,67
c4b20e1fd636b851db39aa382df9fa6a,부산광역시,사하구,지티모텔,숙박,숙박,68
8f975e17e06c60741cb85626b32fc810,부산광역시,사하구,낙동강하구둑전망대,관광지,문화관광,69
e9626844b698cb2cbaf657e401e41db1,부산광역시,사하구,두송방파제,관광지,자연관광,70
17b971ebbba42427b67bb90fbc83513f,부산광역시,사하구,블루문,숙박,숙박,71
6192cb655a4f0fb933859c552a970010,부산광역시,사하구,강변환경공원/파크골프장,관광지,레저스포츠,72
614d64896f02b3718015ef8ac693562e,부산광역시,사하구,국립부산승학산치유의숲/치유센터,관광지,자연관광,73
96b0821d4af621a5f46c830e2fb4bf82,부산광역시,사하구,해인정사,관광지,역사관광,74
3f4cb2172fe8cc7a5c06439af20a1421,부산광역시,사하구,강변환경공원,관광지,문화관광,75
aeb4e92234d839df87354169a4d8d431,부산광역시,사하구,위브모텔,숙박,숙박,76
3b197e6519dfbe7b1e98ae2dd38cbbb8,부산광역시,사하구,코자837모텔,숙박,숙박,77
dc85723713692b978c4cc00020bc2ce4,부산광역시,사하구,감천시장,관광지,쇼핑,78
549e60dc97b98057d7554ad9f9d3fe14,부산광역시,사하구,노을이아름다운하단복합센터,관광지,문화관광,79
2b6cca63e1cbcbe4df9856aca968c64c,부산광역시,사하구,영롤러스케이트장,관광지,레저스포츠,80
cb1a4d124305447587323ace3aa18843,부산광역시,사하구,신평골목시장,관광지,쇼핑,81
d6dc81dcbc769e323d8b24dc27e412ca,부산광역시,사하구,메모리얼파크,관광지,문화관광,82
a1675edaeaa278c361a725f7b171462a,부산광역시,사하구,감천문화마을골목축제,관광지,문화관광,83
8dea4ae630bba9e22338f9a81345b1ca,부산광역시,사하구,로쏘호텔,숙박,숙박,84
cbcbe12433bc7b31ae5ba80105d43e36,부산광역시,사하구,K모텔,숙박,숙박,85
9b64f502068f8d03d8ac41a781f0cfec,부산광역시,사하구,낙조정,관광지,문화관광,86
e18bdecc4c1d958b33ebb73e3b13c687,부산광역시,사하구,파라다이스모텔,숙박,숙박,87
c6e170129ca80d75970c3301ea8e72cf,부산광역시,사하구,감천문화마을어린왕자,관광지,기타관광,88
3bc14eeec5083b8cd0e86c94f506e264,부산광역시,사하구,라라모텔,숙박,숙박,89
4b7f6790a29488bec194fcc9153718e7,부산광역시,사하구,WOW모텔,숙박,숙박,90
caf5ac88cda9d9900b729ab66d7f6734,부산광역시,사하구,몰운대,관광지,역사관광,91
9cb32ce6461300433059400f8091b72b,부산광역시,사하구,오터클라이밍,관광지,레저스포츠,92
641a82cbc7274ba57d07222c563fd63f,부산광역시,사하구,에덴종합시장,관광지,쇼핑,93
bcd5db6262199fc527c1f9507c69d580,부산광역시,사하구,발리모텔,숙박,숙박,94
316708e2483dfe52c60313420b6e7001,부산광역시,사하구,제스트배드민턴센터,관광지,레저스포츠,95
899640a143273ebe4699bdf22a8a4641,부산광역시,사하구,을숙도공원생태수로,관광지,기타관광,96
9f600edbcf7754bd0c2437f9d6c62cea,부산광역시,사하구,몰운대유원지,관광지,문화관광,97
f79b91edfb15ffd5795faf8a5a67fe74,부산광역시,사하구,넘버25호텔/하단점,숙박,숙박,98
830497fc75109027dd0f7e12d47e121f,부산광역시,사하구,다대포다목적인조잔디구장,관광지,문화관광,99
7518db7aeaa99820dbb06ca22a055436,부산광역시,사하구,다대포해변공원관리센터,관광지,기타관광,100
