그룹명,날짜,방문수
감지해변,2025-10-01,324
감지해변,2025-10-02,349
감지해변,2025-10-03,356
감지해변,2025-10-04,609
감지해변,2025-10-05,647
감지해변,2025-10-06,763
감지해변,2025-10-07,796
감지해변,2025-10-08,766
감지해변,2025-10-09,544
감지해변,2025-10-10,440
감지해변,2025-10-11,579
감지해변,2025-10-12,490
감지해변,2025-10-13,314
감지해변,2025-10-14,313
감지해변,2025-10-15,275
감지해변,2025-10-16,318
감지해변,2025-10-17,337
감지해변,2025-10-18,605
감지해변,2025-10-19,422
감지해변,2025-10-20,320
감지해변,2025-10-21,319
감지해변,2025-10-22,263
감지해변,2025-10-23,325
감지해변,2025-10-24,348
감지해변,2025-10-25,502
감지해변,2025-10-26,520
감지해변,2025-10-27,323
감지해변,2025-10-28,431
감지해변,2025-10-29,300
감지해변,2025-10-30,352
감지해변,2025-10-31,692
봉래물양장갤러리,2025-10-01,1658
봉래물양장갤러리,2025-10-02,1736
봉래물양장갤러리,2025-10-03,1338
봉래물양장갤러리,2025-10-04,1617
봉래물양장갤러리,2025-10-05,1530
봉래물양장갤러리,2025-10-06,1337
봉래물양장갤러리,2025-10-07,1632
봉래물양장갤러리,2025-10-08,1521
봉래물양장갤러리,2025-10-09,1649
봉래물양장갤러리,2025-10-10,1604
봉래물양장갤러리,2025-10-11,1497
봉래물양장갤러리,2025-10-12,1197
봉래물양장갤러리,2025-10-13,1562
봉래물양장갤러리,2025-10-14,1628
봉래물양장갤러리,2025-10-15,1718
봉래물양장갤러리,2025-10-16,1610
봉래물양장갤러리,2025-10-17,1866
봉래물양장갤러리,2025-10-18,1701
봉래물양장갤러리,2025-10-19,1479
봉래물양장갤러리,2025-10-20,1582
봉래물양장갤러리,2025-10-21,1430
봉래물양장갤러리,2025-10-22,1615
봉래물양장갤러리,2025-10-23,1940
봉래물양장갤러리,2025-10-24,1780
봉래물양장갤러리,2025-10-25,1914
봉래물양장갤러리,2025-10-26,1732
봉래물양장갤러리,2025-10-27,1664
봉래물양장갤러리,2025-10-28,1778
봉래물양장갤러리,2025-10-29,1805
봉래물양장갤러리,2025-10-30,1780
봉래물양장갤러리,2025-10-31,1880
흰여울문화마을,2025-10-01,3202
흰여울문화마을,2025-10-02,3254
흰여울문화마을,2025-10-03,2602
흰여울문화마을,2025-10-04,3295
흰여울문화마을,2025-10-05,3492
흰여울문화마을,2025-10-06,3868
흰여울문화마을,2025-10-07,3605
흰여울문화마을,2025-10-08,3825
흰여울문화마을,2025-10-09,3271
흰여울문화마을,2025-10-10,3504
흰여울문화마을,2025-10-11,3281
흰여울문화마을,2025-10-12,2612
흰여울문화마을,2025-10-13,3077
흰여울문화마을,2025-10-14,2840
흰여울문화마을,2025-10-15,3194
흰여울문화마을,2025-10-16,2956
흰여울문화마을,2025-10-17,3339
흰여울문화마을,2025-10-18,3103
흰여울문화마을,2025-10-19,3039
흰여울문화마을,2025-10-20,3118
흰여울문화마을,2025-10-21,3370
흰여울문화마을,2025-10-22,3039
흰여울문화마을,2025-10-23,2971
흰여울문화마을,2025-10-24,3232
흰여울문화마을,2025-10-25,3332
흰여울문화마을,2025-10-26,3264
흰여울문화마을,2025-10-27,3055
흰여울문화마을,2025-10-28,3289
흰여울문화마을,2025-10-29,3316
흰여울문화마을,2025-10-30,3131
흰여울문화마을,2025-10-31,3420
